<simulation>    
<note>Self diffusion coefficient of Argon</note>
<log level="Log" />

<!-- load input files -->
<load>domain.xml</load>
<load>materials.xml</load>
<load>boundaries.xml</load>
<load>interactions.xml</load>
<load>sources.xml</load>

<!-- set time parameters -->
<time>
<num_it>10000</num_it>
<dt>1e-5</dt>
<steady_state>1000</steady_state>
</time>	

<restart>
<it_save>10000</it_save>
<save>true</save>
<load>false</load>
<nt_add>20000</nt_add>
</restart>

<!-- run simulation -->
<starfish/>
        
<!-- save results -->
<output type="2D" file_name="field.vts" format="vtk">
<variables>nodevol, p, nd-ave.ar1, t.ar1, u-ave.ar1, nd-ave.ar2, t.ar2, u-ave.ar2, mpc.ar1, mpc.ar2, dsmc-count, nu</variables>
</output>

<output type="boundaries" file_name="boundaries.vtp" format="vtk">
</output>

</simulation>