<sources>

<!--high pressure tank-->
<boundary_source name="inlet_750Torr" type="ambient">
<enforce>pressure</enforce>
<material>N2</material>
<boundary>inlet</boundary>
<drift_velocity>0,0,0</drift_velocity>
<temperature>288</temperature>
<total_pressure>1.0e5</total_pressure>
</boundary_source>

<!--ambient environment-->
<boundary_source name="amb_0.5Torr" type="ambient">
<enforce>pressure</enforce>
<material>N2</material>
<boundary>ambient</boundary>
<drift_velocity>0,0,0</drift_velocity>
<temperature>288.0</temperature>
<total_pressure>66.66</total_pressure>
</boundary_source>

</sources>


