<simulation>    
<note>Starfish Tutorial: Part 5</note>

<!-- load input files -->
<load>domain.xml</load>
<load>materials.xml</load>
<load>boundaries.xml</load>
<load>interactions.xml</load>

<!-- set potential solver -->
<!--<solver type="constant-ef">
<comps>0,0</comps>
</solver>
-->

<solver type="poisson">
<n0>1e12</n0>
<Te0>1.5</Te0>
<phi0>0</phi0>
<max_it>2000</max_it>
<nl_max_it>6</nl_max_it>
<tol>1e-4</tol>
<nl_tol>1e-2</nl_tol>
</solver>

<!-- set sources -->
<sources>

<boundary_source name="space">
<type>uniform</type>
<material>O+</material>
<boundary>inlet</boundary>
<!--<mdot>5.313e-11</mdot>-->
<mdot>10.626e-11</mdot>
<v_drift>10000</v_drift>
</boundary_source>

</sources>

<!-- set time parameters -->
<time>
<num_it>100</num_it>
<dt>4e-7</dt>
</time>	

<!-- run simulation -->
<starfish diag_file="true"/>
        
<!-- save results -->
<output type="2D" file_name="field.dat" format="tecplot">
<variables>phi, nd.e-, nd.o+, nd.o, nd.io+, t.e-, t.io+, t.o+, t.o, u.o+, v.o+, u.io+, v.io+</variables>
</output>

<output type="boundaries" file_name="boundaries.dat" format="tecplot">
<variables>flux.o+, flux_normal.o+, deprate</variables>
</output>

</simulation>